parameter,parameter_type,decision,legacy_decision,bottom_ph_relevance,holistic_relevance,confidence_in_current_value,scale,allowed_choices,proposed_low,proposed_high,fixed_value,parent_option,scientific_rationale,future_question,notes
reg1,float,active,active,unknown,unknown,unknown,linear,,0.1,0.2,,,Range chosen by top 14 Pareto-rank trials,What is this doing functionally? How do I explain it?,No idea what will happen
reg2,float,active,active,unknown,unknown,unknown,linear,,0.08,0.1,,,Range chosen by top 14 Pareto-rank trials,What is this doing functionally? How do I explain it?,No idea what will happen
gmaxs1,float,reserve,reserve,unknown,unknown,high,linear,,,,3,,,,"I feel like this is a parameter that could be endlessly tuned and have varying optimal values based on everything else, so it’s not very tractable. Best to stick to 1 value for now. The default value is 3."
gmaxs2,float,reserve,reserve,unknown,unknown,high,linear,,,,5,,,,"I feel like this is a parameter that could be endlessly tuned and have varying optimal values based on everything else, so it’s not very tractable. Best to stick to 1 value for now. The default value is 3."
rrb1,float,reserve,reserve,unknown,unknown,medium,linear,,0.2,0.4,,,,Decide whether this parameter is scientifically relevant,Active in reference notebook; not automatically endorsed
rrb2,float,reserve,reserve,unknown,unknown,medium,linear,,0.2,0.4,,,,Decide whether this parameter is scientifically relevant,Active in reference notebook; not automatically endorsed
rrg1,float,reserve,reserve,unknown,unknown,medium,linear,,0.1,0.3,,,,Decide whether this parameter is scientifically relevant,Active in reference notebook; not automatically endorsed
rrg2,float,reserve,reserve,unknown,unknown,medium,linear,,0.1,0.3,,,,Decide whether this parameter is scientifically relevant,Active in reference notebook; not automatically endorsed
beta1,float,active,active,unknown,unknown,unknown,linear,,0.3,0.6,,,Range based on literature review: https://docs.google.com/spreadsheets/d/1OR282RDmb8W7CVVoeFP3XP6ODTJrmAyC4qz8AQfh34M/edit?gid=0#gid=0,,Active in reference notebook; not automatically endorsed
beta2,float,active,active,unknown,unknown,unknown,linear,,0.3,0.6,,,Range based on literature review: https://docs.google.com/spreadsheets/d/1OR282RDmb8W7CVVoeFP3XP6ODTJrmAyC4qz8AQfh34M/edit?gid=0#gid=0,,Active in reference notebook; not automatically endorsed
akz1,float,active,active,unknown,unknown,unknown,linear,,0.5,2.0,,,Range based on literature review: https://docs.google.com/spreadsheets/d/1OR282RDmb8W7CVVoeFP3XP6ODTJrmAyC4qz8AQfh34M/edit?gid=0#gid=0,Decide whether this parameter is scientifically relevant,
akz2,float,active,active,unknown,unknown,unknown,linear,,0.5,2.0,,,Range based on literature review: https://docs.google.com/spreadsheets/d/1OR282RDmb8W7CVVoeFP3XP6ODTJrmAyC4qz8AQfh34M/edit?gid=0#gid=0,Decide whether this parameter is scientifically relevant,
amaxs1,float,fixed,fixed,unknown,unknown,unknown,linear,,,,0.1,,,,Dave and I agree this consistently gets adequate results
amaxs2,float,fixed,fixed,unknown,unknown,unknown,linear,,,,0.1,,,,Dave and I agree this consistently gets adequate results
akno3s1,float,active,reserve,unknown,unknown,unknown,linear,,0.5,1.5,,,Range based on literature review: https://docs.google.com/spreadsheets/d/1OR282RDmb8W7CVVoeFP3XP6ODTJrmAyC4qz8AQfh34M/edit?gid=0#gid=0,,
akno3s2,float,active,reserve,unknown,unknown,unknown,linear,,0.5,3.0,,,Range based on literature review: https://docs.google.com/spreadsheets/d/1OR282RDmb8W7CVVoeFP3XP6ODTJrmAyC4qz8AQfh34M/edit?gid=0#gid=0,,
aknh4s1,float,reserve,reserve,unknown,unknown,unknown,linear,,0.05,0.5,,,Range based on literature review: https://docs.google.com/spreadsheets/d/1OR282RDmb8W7CVVoeFP3XP6ODTJrmAyC4qz8AQfh34M/edit?gid=0#gid=0,,
aknh4s2,float,reserve,reserve,unknown,unknown,unknown,linear,,0.05,0.5,,,Range based on literature review: https://docs.google.com/spreadsheets/d/1OR282RDmb8W7CVVoeFP3XP6ODTJrmAyC4qz8AQfh34M/edit?gid=0#gid=0,,
bgamma3,float,fixed,fixed,unknown,unknown,unknown,linear,,0.05,0.25,0.15,,Feng 2015,,Results have kind of been good in a lot of places so might as well reduce dimensionality and use a literature vaue
bgamma4,float,active,fixed,unknown,unknown,unknown,linear,,0.05,0.25,0.15,,Feng 2015,,Results have kind of been good in a lot of places so might as well reduce dimensionality and use a literature vaue
bgamma5,float,active,active,unknown,unknown,unknown,linear,,0.15,0.4,,,,,
bgamma5s,float,active,fixed,unknown,unknown,unknown,linear,,0.05,0.2,0.15,,,,
bgamma6,float,active,active,unknown,unknown,unknown,linear,,0.01,0.1,,,,,
bgamma7,float,fixed,fixed,unknown,unknown,unknown,linear,,,,0.27,,Values appear to converge to around 0.25-0.29 from archived runs. Though this disagrees with literature values of 0.05,,
wsd,float,active,active,unknown,unknown,unknown,linear,,2.0,5.0,,,,Decide whether this parameter is scientifically relevant,Active in reference notebook; not automatically endorsed
wsp,float,fixed,fixed,unknown,unknown,unknown,linear,,,,0.1,,Feng 2015,Decide whether this parameter is scientifically relevant,
Chl2cs1_m,float,fixed,fixed,unknown,unknown,unknown,linear,,,,0.02675,,This is the value used in Feng 2015,,I think it is totally defensible to use a value already used in the literature
Chl2cs2_m,float,fixed,fixed,unknown,unknown,unknown,linear,,,,0.02675,,This is the value used in Feng 2015,,I think it is totally defensible to use a value already used in the literature
bUmax_nspc0,float,fixed,fixed,unknown,unknown,unknown,linear,,,,0.05,,I’ve done enough trials of bUmax that I feel this is narrowed down considerably so the chosen value should be at least close,Is this value good enough? Does tuning it further actually help?,
bUmax_nspc1,float,fixed,fixed,unknown,unknown,unknown,linear,,,,0.004,,I’ve done enough trials of bUmax that I feel this is narrowed down considerably so the chosen value should be at least close,Is this value good enough? Does tuning it further actually help?,
bnit,float,fixed,fixed,unknown,unknown,medium,linear,,,,0.15,,Archived runs seem to converge on this,,
bdenit,float,fixed,fixed,unknown,unknown,unknown,linear,,,,1.0,,,,I’m trusting Dave;s results on this
bdo_c,float,reserve,reserve,unknown,unknown,unknown,linear,,,,,,,Decide whether this parameter is scientifically relevant,
bao2,float,fixed,fixed,unknown,unknown,unknown,linear,,,,2.0,,For consistency with water column denitrification stoichiometry,Decide whether this parameter is scientifically relevant,
nl_tnu2_tracer9,float,fixed,fixed,unknown,unknown,unknown,linear,,,,0.5,,Will need to check against physical tuning,Decide whether this parameter is scientifically relevant,Active in reference notebook; not automatically endorsed
CACO3,boolean,exclude,exclude,unknown,unknown,unknown,categorical,False|True,,,,,Compile-time CPP option,Candidate executable and template workflow must support this option,Operationally unavailable for new candidates
RIVER_SEDIMENT,boolean,exclude,not_present,unknown,unknown,unknown,categorical,False|True,,,,,Compile-time CPP option controlling river sediment behavior,Do historical or colleague runs support estimating an independent RIVER_SEDIMENT effect?,Screen first; current archive is expected to contain only False
USE_MOCSY,boolean,exclude,not_present,high,medium,unknown,categorical,False|True,,,,CACO3,Conditional carbonate-system CPP option available only when CACO3 is enabled,"When CACO3 is enabled, does USE_MOCSY improve carbonate-system and biological performance?",Never permit USE_MOCSY=True when CACO3=False